-- Biao Units
-- Delete all required Strategic resources
UPDATE Units SET StrategicResource = NULL;
-- New Ability Tags
INSERT INTO Tags	(Tag,				Vocabulary) VALUES
					('CLASS_IRON',		'ABILITY_CLASS'),
					('CLASS_HORSE',		'ABILITY_CLASS'),
					('CLASS_NITER',		'ABILITY_CLASS'),
					('CLASS_COAL',		'ABILITY_CLASS'),
					('CLASS_OIL',		'ABILITY_CLASS'),
					('CLASS_ALUMINUM',	'ABILITY_CLASS');
-- New Ability TypeTags
INSERT INTO TypeTags	(Type,						Tag) VALUES
						('UNIT_SWORDSMAN',			'CLASS_IRON'),
						('UNIT_MUSKETMAN',			'CLASS_NITER'),
						('UNIT_BOMBARD',			'CLASS_NITER'),
						('UNIT_KNIGHT',				'CLASS_HORSE'),
						('UNIT_KNIGHT',				'CLASS_IRON'),
						('UNIT_HORSEMAN',			'CLASS_HORSE'),
						('UNIT_CAVALRY',			'CLASS_HORSE'),
						('UNIT_IRONCLAD',			'CLASS_COAL'),
						('UNIT_BATTLESHIP',			'CLASS_COAL'),
						('UNIT_AIRCRAFT_CARRIER',	'CLASS_OIL'),
						('UNIT_TANK',				'CLASS_OIL'),
						('UNIT_FIGHTER',			'CLASS_ALUMINUM'),
						('UNIT_BOMBER',				'CLASS_ALUMINUM'),
						('UNIT_JET_BOMBER',			'CLASS_ALUMINUM'),
						('UNIT_JET_FIGHTER',		'CLASS_ALUMINUM'),
						('UNIT_CUIRASSIER',			'CLASS_NITER'),
						('UNIT_EQUITE',				'CLASS_HORSE'),
						('UNIT_JINETE',				'CLASS_HORSE'),
						('UNIT_DRUZHINA',			'CLASS_HORSE'),
						('UNIT_COMPANION_CAVALRY',	'CLASS_HORSE'),
						('UNIT_GENDARME',			'CLASS_IRON'),
						('UNIT_AMAZON',				'CLASS_IRON'),
						('UNIT_HIRDMAN',			'CLASS_IRON'),
						('UNIT_MINUTEMAN',			'CLASS_NITER'),
						('UNIT_GERMAN_HUSSAR',		'CLASS_HORSE'),
						('UNIT_PANZER',				'CLASS_OIL'),
						('UNIT_T34',				'CLASS_OIL'),
						('ABILITY_IRON',			'CLASS_IRON'),
						('ABILITY_HORSE',			'CLASS_HORSE'),
						('ABILITY_NITER',			'CLASS_NITER'),
						('ABILITY_COAL',			'CLASS_COAL'),
						('ABILITY_OIL',				'CLASS_OIL'),
						('ABILITY_ALUMINUM',		'CLASS_ALUMINUM');
-- Unit Obsolete Techs
UPDATE Units SET MandatoryObsoleteTech ='TECH_IRON_WORKING' WHERE UnitType ='UNIT_WARRIOR';
-- Adjust Combat Values
UPDATE Units SET Combat			='61' WHERE UnitType ='UNIT_CUIRASSIER';
UPDATE Units SET Combat			='30' WHERE UnitType ='UNIT_EQUITE';
UPDATE Units SET Combat			='28' WHERE UnitType ='UNIT_JINETE';
UPDATE Units SET Combat			='29' WHERE UnitType ='UNIT_DRUZHINA';
UPDATE Units SET Combat			='33' WHERE UnitType ='UNIT_COMPANION_CAVALRY';
UPDATE Units SET Combat			='45' WHERE UnitType ='UNIT_GENDARME';
UPDATE Units SET Combat			='43' WHERE UnitType ='UNIT_AMAZON';
UPDATE Units SET Combat			='30' WHERE UnitType ='UNIT_HIRDMAN';
UPDATE Units SET Combat			='53' WHERE UnitType ='UNIT_MINUTEMAN';
UPDATE Units SET Combat			='57' WHERE UnitType ='UNIT_GERMAN_HUSSAR';
UPDATE Units SET Combat			='75' WHERE UnitType ='UNIT_PANZER';
UPDATE Units SET Combat			='75' WHERE UnitType ='UNIT_T34';
UPDATE Units SET Combat			='30' WHERE UnitType ='UNIT_SWORDSMAN';
UPDATE Units SET Combat			='50' WHERE UnitType ='UNIT_MUSKETMAN';
UPDATE Units SET Bombard		='50' WHERE UnitType ='UNIT_BOMBARD';
UPDATE Units SET Combat			='38' WHERE UnitType ='UNIT_KNIGHT';
UPDATE Units SET Combat			='27' WHERE UnitType ='UNIT_HORSEMAN';
UPDATE Units SET Combat			='57' WHERE UnitType ='UNIT_CAVALRY';
UPDATE Units SET Combat			='65' WHERE UnitType ='UNIT_IRONCLAD';
UPDATE Units SET RangedCombat	='65' WHERE UnitType ='UNIT_BATTLESHIP';
UPDATE Units SET Combat			='60' WHERE UnitType ='UNIT_AIRCRAFT_CARRIER';
UPDATE Units SET Combat			='75' WHERE UnitType ='UNIT_TANK';
UPDATE Units SET RangedCombat	='60' WHERE UnitType ='UNIT_FIGHTER';
UPDATE Units SET Bombard		='65' WHERE UnitType ='UNIT_BOMBER';
UPDATE Units SET RangedCombat	='70' WHERE UnitType ='UNIT_JET_FIGHTER';
UPDATE Units SET Bombard		='75' WHERE UnitType ='UNIT_JET_BOMBER';
-- Add Resource requirements
UPDATE Units SET StrategicResource ='RESOURCE_URANIUM' WHERE UnitType ='UNIT_NUCLEAR_SUBMARINE';
UPDATE Units SET StrategicResource ='RESOURCE_URANIUM' WHERE UnitType ='UNIT_MODERN_ARMOR';
-- Update Descriptions
UPDATE Units SET Description ='LOC_UNIT_BMOD_SWORDSMAN_DESCRIPTION'			WHERE UnitType ='UNIT_SWORDSMAN';
UPDATE Units SET Description ='LOC_UNIT_BMOD_MUSKETMAN_DESCRIPTION'			WHERE UnitType ='UNIT_MUSKETMAN';
UPDATE Units SET Description ='LOC_UNIT_BMOD_BOMBARD_DESCRIPTION'			WHERE UnitType ='UNIT_BOMBARD';
UPDATE Units SET Description ='LOC_UNIT_BMOD_KNIGHT_DESCRIPTION'			WHERE UnitType ='UNIT_KNIGHT';
UPDATE Units SET Description ='LOC_UNIT_BMOD_HORSEMAN_DESCRIPTION'			WHERE UnitType ='UNIT_HORSEMAN';
UPDATE Units SET Description ='LOC_UNIT_BMOD_CAVALRY_DESCRIPTION'			WHERE UnitType ='UNIT_CAVALRY';
UPDATE Units SET Description ='LOC_UNIT_BMOD_IRONCLAD_DESCRIPTION'			WHERE UnitType ='UNIT_IRONCLAD';
UPDATE Units SET Description ='LOC_UNIT_BMOD_BATTLESHIP_DESCRIPTION'		WHERE UnitType ='UNIT_BATTLESHIP';
UPDATE Units SET Description ='LOC_UNIT_BMOD_AIRCRAFT_CARRIER_DESCRIPTION'	WHERE UnitType ='UNIT_AIRCRAFT_CARRIER';
UPDATE Units SET Description ='LOC_UNIT_BMOD_TANK_DESCRIPTION'				WHERE UnitType ='UNIT_TANK';
UPDATE Units SET Description ='LOC_UNIT_BMOD_FIGHTER_DESCRIPTION'			WHERE UnitType ='UNIT_FIGHTER';
UPDATE Units SET Description ='LOC_UNIT_BMOD_BOMBER_DESCRIPTION'			WHERE UnitType ='UNIT_BOMBER';
UPDATE Units SET Description ='LOC_UNIT_BMOD_JET_FIGHTER_DESCRIPTION'		WHERE UnitType ='UNIT_JET_FIGHTER';
UPDATE Units SET Description ='LOC_UNIT_BMOD_JET_BOMBER_DESCRIPTION'		WHERE UnitType ='UNIT_JET_BOMBER';
-- Create New Abilities
INSERT INTO UnitAbilities	(UnitAbilityType,		Name,						Description) VALUES
							('ABILITY_IRON',		'LOC_ABILITY_IRON_NAME',	'LOC_ABILITY_IRON_DESCRIPTION'),
							('ABILITY_HORSE',		'LOC_ABILITY_HORSE_NAME',	'LOC_ABILITY_HORSE_DESCRIPTION'),
							('ABILITY_NITER',		'LOC_ABILITY_NITER_NAME',	'LOC_ABILITY_NITER_DESCRIPTION'),
							('ABILITY_COAL',		'LOC_ABILITY_COAL_NAME',	'LOC_ABILITY_COAL_DESCRIPTION'),
							('ABILITY_OIL',			'LOC_ABILITY_OIL_NAME',		'LOC_ABILITY_OIL_DESCRIPTION'),
							('ABILITY_ALUMINUM',	'LOC_ABILITY_ALU_NAME',		'LOC_ABILITY_ALU_DESCRIPTION');
-- Create New Ability Modifiers
INSERT INTO UnitAbilityModifiers	(UnitAbilityType,		ModifierId) VALUES
									('ABILITY_IRON',		'IRON_RESOURCE_COMBAT'),
									('ABILITY_HORSE',		'HORSE_RESOURCE_COMBAT'),
									('ABILITY_NITER',		'NITER_RESOURCE_COMBAT'),
									('ABILITY_COAL',		'COAL_RESOURCE_COMBAT'),
									('ABILITY_OIL',			'OIL_RESOURCE_COMBAT'),
									('ABILITY_ALUMINUM',	'ALUMINUM_RESOURCE_COMBAT');
-- Ability Strings
INSERT INTO ModifierStrings (ModifierId,					Context,	Text) VALUES
							('IRON_RESOURCE_COMBAT',		'Preview',	'LOC_ABILITY_IRON_RESOURCE_COMBAT_MODIFIER_DESCRIPTION'),
							('HORSE_RESOURCE_COMBAT',		'Preview',	'LOC_ABILITY_HORSE_RESOURCE_COMBAT_MODIFIER_DESCRIPTION'),
							('NITER_RESOURCE_COMBAT',		'Preview',	'LOC_ABILITY_NITER_RESOURCE_COMBAT_MODIFIER_DESCRIPTION'),
							('COAL_RESOURCE_COMBAT',		'Preview',	'LOC_ABILITY_COAL_RESOURCE_COMBAT_MODIFIER_DESCRIPTION'),
							('OIL_RESOURCE_COMBAT',			'Preview',	'LOC_ABILITY_OIL_RESOURCE_COMBAT_MODIFIER_DESCRIPTION'),
							('ALUMINUM_RESOURCE_COMBAT',	'Preview',	'LOC_ABILITY_ALU_RESOURCE_COMBAT_MODIFIER_DESCRIPTION');