-- Insert SQL Rules Here
/* INSERT INTO RequirementSets (RequirementSetId,			RequirementSetType) VALUES
							('PLOT_IS_GRASSLAND',		'REQUIREMENTSET_TEST_ALL'),
							('PLOT_IS_PLAINS',			'REQUIREMENTSET_TEST_ALL'),
							('PLOT_IS_TUNDRA',			'REQUIREMENTSET_TEST_ALL'),
							('PLOT_IS_DESERT',			'REQUIREMENTSET_TEST_ALL'),
							('PLOT_IS_HILLS_GRASS',		'REQUIREMENTSET_TEST_ALL'),
							('PLOT_IS_HILLS_PLAINS',	'REQUIREMENTSET_TEST_ALL'),
							('PLOT_IS_HILLS_DESERT',	'REQUIREMENTSET_TEST_ALL'),
							('PLOT_IS_HILLS_TUNDRA',	'REQUIREMENTSET_TEST_ALL');

INSERT INTO RequirementSetRequirements	(RequirementSetId,			RequirementId) VALUES
										('PLOT_IS_GRASSLAND',		'REQUIRES_PLOT_IS_GRASSLAND'),
										('PLOT_IS_PLAINS',			'REQUIRES_PLOT_IS_PLAINS'),
										('PLOT_IS_TUNDRA',			'REQUIRES_PLOT_IS_TUNDRA'),
										('PLOT_IS_DESERT',			'REQUIRES_PLOT_IS_DESERT'),
										('PLOT_IS_HILLS_GRASS',		'REQUIRES_PLOT_IS_HILLS_GRASS'),
										('PLOT_IS_HILLS_PLAINS',	'REQUIRES_PLOT_IS_HILLS_PLAINS'),
										('PLOT_IS_HILLS_DESERT',	'REQUIRES_PLOT_IS_HILLS_DESERT'),
										('PLOT_IS_HILLS_TUNDRA',	'REQUIRES_PLOT_IS_HILLS_TUNDRA');

INSERT INTO Requirements	(RequirementId,						RequirementType) VALUES
							('REQUIRES_PLOT_IS_GRASSLAND',		'REQUIREMENT_PLOT_TERRAIN_TYPE_MATCHES'),
							('REQUIRES_PLOT_IS_PLAINS',			'REQUIREMENT_PLOT_TERRAIN_TYPE_MATCHES'),
							('REQUIRES_PLOT_IS_TUNDRA',			'REQUIREMENT_PLOT_TERRAIN_TYPE_MATCHES'),
							('REQUIRES_PLOT_IS_DESERT',			'REQUIREMENT_PLOT_TERRAIN_TYPE_MATCHES'),
							('REQUIRES_PLOT_IS_HILLS_GRASS',	'REQUIREMENT_PLOT_TERRAIN_TYPE_MATCHES'),
							('REQUIRES_PLOT_IS_HILLS_PLAINS',	'REQUIREMENT_PLOT_TERRAIN_TYPE_MATCHES'),
							('REQUIRES_PLOT_IS_HILLS_DESERT',	'REQUIREMENT_PLOT_TERRAIN_TYPE_MATCHES'),
							('REQUIRES_PLOT_IS_HILLS_TUNDRA',	'REQUIREMENT_PLOT_TERRAIN_TYPE_MATCHES');

INSERT INTO RequirementArguments	(RequirementId,						Name,			Value) VALUES
									('REQUIRES_PLOT_IS_GRASSLAND',		'TerrainType',	'TERRAIN_GRASS'),
									('REQUIRES_PLOT_IS_PLAINS',			'TerrainType',	'TERRAIN_PLAINS'),
									('REQUIRES_PLOT_IS_TUNDRA',			'TerrainType',	'TERRAIN_DESERT'),
									('REQUIRES_PLOT_IS_DESERT',			'TerrainType',	'TERRAIN_TUNDRA'),
									('REQUIRES_PLOT_IS_HILLS_GRASS',	'TerrainType',	'TERRAIN_GRASS_HILLS'),
									('REQUIRES_PLOT_IS_HILLS_PLAINS',	'TerrainType',	'TERRAIN_PLAINS_HILLS'),
									('REQUIRES_PLOT_IS_HILLS_DESERT',	'TerrainType',	'TERRAIN_DESERT_HILLS'),
									('REQUIRES_PLOT_IS_HILLS_TUNDRA',	'TerrainType',	'TERRAIN_TUNDRA_HILLS');

INSERT INTO Types	(Type,								Kind) VALUES
					('CITY_CENTER_BONUS_GRASS',			'KIND_MODIFIER'),
					('CITY_CENTER_BONUS_PLAINS',		'KIND_MODIFIER'),
					('CITY_CENTER_BONUS_TUNDRA',		'KIND_MODIFIER'),
					('CITY_CENTER_BONUS_DESERT',		'KIND_MODIFIER'),
					('CITY_CENTER_BONUS_HILLS_GRASS',	'KIND_MODIFIER'),
					('CITY_CENTER_BONUS_HILLS_PLAINS',	'KIND_MODIFIER'),
					('CITY_CENTER_BONUS_HILLS_DESERT',	'KIND_MODIFIER'),
					('CITY_CENTER_BONUS_HILLS_TUNDRA',	'KIND_MODIFIER');

INSERT INTO Modifiers	(ModifierId,							ModifierType,											RunOnce,	Permanent,	OwnerRequirementSetId,	SubjectRequirementSetId) VALUES
						('CITY_CENTER_BONUS_GRASS',				'MODIFIER_PLAYER_DISTRICT_ADJUST_YIELD_CHANGE',			'1',		'1',		NULL,					'PLOT_IS_GRASSLAND'),
						('CITY_CENTER_BONUS_PLAINS',			'MODIFIER_PLAYER_DISTRICT_ADJUST_YIELD_CHANGE',			'1',		'1',		NULL,					'PLOT_IS_PLAINS'),
						('CITY_CENTER_BONUS_TUNDRA',			'MODIFIER_PLAYER_DISTRICT_ADJUST_YIELD_CHANGE',			'1',		'1',		NULL,					'PLOT_IS_TUNDRA'),
						('CITY_CENTER_BONUS_DESERT',			'MODIFIER_PLAYER_DISTRICT_ADJUST_YIELD_CHANGE',			'1',		'1',		NULL,					'PLOT_IS_DESERT'),
						('CITY_CENTER_BONUS_HILLS_GRASS',		'MODIFIER_PLAYER_DISTRICT_ADJUST_YIELD_CHANGE',			'1',		'1',		NULL,					'PLOT_IS_HILLS_GRASS'),
						('CITY_CENTER_BONUS_HILLS_PLAINS',		'MODIFIER_PLAYER_DISTRICT_ADJUST_YIELD_CHANGE',			'1',		'1',		NULL,					'PLOT_IS_HILLS_PLAINS'),
						('CITY_CENTER_BONUS_HILLS_DESERT',		'MODIFIER_PLAYER_DISTRICT_ADJUST_YIELD_CHANGE',			'1',		'1',		NULL,					'PLOT_IS_HILLS_DESERT'),
						('CITY_CENTER_BONUS_HILLS_TUNDRA',		'MODIFIER_PLAYER_DISTRICT_ADJUST_YIELD_CHANGE',			'1',		'1',		NULL,					'PLOT_IS_HILLS_TUNDRA');
									
INSERT INTO ModifierArguments	(ModifierId,						Name,			Type,				Value,								Extra) VALUES
								('CITY_CENTER_BONUS_GRASS',			'Amount',		'ARGTYPE_IDENTITY', '2',								NULL),
								('CITY_CENTER_BONUS_GRASS',			'YieldType',	'ARGTYPE_IDENTITY', 'YIELD_FOOD',						NULL),
								('CITY_CENTER_BONUS_PLAINS',		'Amount',		'ARGTYPE_IDENTITY', '1',								NULL),
								('CITY_CENTER_BONUS_PLAINS',		'YieldType',	'ARGTYPE_IDENTITY', 'YIELD_FOOD',						NULL),
								('CITY_CENTER_BONUS_TUNDRA',		'Amount',		'ARGTYPE_IDENTITY', '1',								NULL),
								('CITY_CENTER_BONUS_TUNDRA',		'YieldType',	'ARGTYPE_IDENTITY', 'YIELD_PRODUCTION',					NULL),
								('CITY_CENTER_BONUS_DESERT',		'Amount',		'ARGTYPE_IDENTITY', '1',								NULL),
								('CITY_CENTER_BONUS_DESERT',		'YieldType',	'ARGTYPE_IDENTITY', 'YIELD_PRODUCTION',					NULL),
								('CITY_CENTER_BONUS_HILLS_GRASS',	'Amount',		'ARGTYPE_IDENTITY', '2',								NULL),
								('CITY_CENTER_BONUS_HILLS_GRASS',	'YieldType',	'ARGTYPE_IDENTITY', 'YIELD_FOOD',						NULL),
								('CITY_CENTER_BONUS_HILLS_PLAINS',	'Amount',		'ARGTYPE_IDENTITY', '1',								NULL),
								('CITY_CENTER_BONUS_HILLS_PLAINS',	'YieldType',	'ARGTYPE_IDENTITY', 'YIELD_FOOD',						NULL),
								('CITY_CENTER_BONUS_HILLS_DESERT',	'Amount',		'ARGTYPE_IDENTITY', '1',								NULL),
								('CITY_CENTER_BONUS_HILLS_DESERT',	'YieldType',	'ARGTYPE_IDENTITY', 'YIELD_PRODUCTION',					NULL),
								('CITY_CENTER_BONUS_HILLS_TUNDRA',	'Amount',		'ARGTYPE_IDENTITY', '1',								NULL),
								('CITY_CENTER_BONUS_HILLS_TUNDRA',	'YieldType',	'ARGTYPE_IDENTITY', 'YIELD_PRODUCTION',					NULL);

INSERT INTO DistrictModifiers	(DistrictType,				ModifierId) VALUES
								('DISTRICT_CITY_CENTER',	'CITY_CENTER_BONUS_GRASS'),
								('DISTRICT_CITY_CENTER',	'CITY_CENTER_BONUS_PLAINS'),
								('DISTRICT_CITY_CENTER',	'CITY_CENTER_BONUS_TUNDRA'),
								('DISTRICT_CITY_CENTER',	'CITY_CENTER_BONUS_DESERT'),
								('DISTRICT_CITY_CENTER',	'CITY_CENTER_BONUS_HILLS_GRASS'),
								('DISTRICT_CITY_CENTER',	'CITY_CENTER_BONUS_HILLS_PLAINS'),
								('DISTRICT_CITY_CENTER',	'CITY_CENTER_BONUS_HILLS_DESERT'),
								('DISTRICT_CITY_CENTER',	'CITY_CENTER_BONUS_HILLS_TUNDRA'); */