-- Insert SQL Rules Here 
INSERT INTO DistrictModifiers	(DistrictType,						ModifierId)VALUES 
								('DISTRICT_CITY_CENTER',			'CITY_CENTER_LAKE_FOOD'),
								('DISTRICT_HOLY_SITE',				'HOLY_SITE_GRANT_GROWTH_BONUS'),
								('DISTRICT_CAMPUS',					'CAMPUS_GRANT_GROWTH_BONUS'),
								('DISTRICT_ENTERTAINMENT_COMPLEX',	'ENTERTAINMENT_COMPLEX_GRANT_GROWTH_BONUS'),
								('DISTRICT_THEATER',				'THEATER_GRANT_GROWTH_BONUS'),
								('DISTRICT_INDUSTRIAL_ZONE',		'INDUSTRIAL_ZONE_GRANT_GROWTH_BONUS'),
								('DISTRICT_ACROPOLIS',				'ACROPOLIS_GRANT_GROWTH_BONUS'),
								('DISTRICT_HANSA',					'HANSA_GRANT_GROWTH_BONUS'),
								('DISTRICT_LAVRA',					'LAVRA_GRANT_GROWTH_BONUS'),
								('DISTRICT_STREET_CARNIVAL',		'STREET_CARNIVAL_GRANT_GROWTH_BONUS'),
								('DISTRICT_MBANZA',					'MBANZA_GRANT_GROWTH_BONUS'),
								('DISTRICT_COMMERCIAL_HUB',			'COMMERCIAL_HUB_GRANT_GROWTH_BONUS'),
								('DISTRICT_NEIGHBORHOOD',			'NEIGHBORHOOD_GRANT_GROWTH_BONUS'),
								('DISTRICT_HARBOR',					'HARBOR_GRANT_GROWTH_BONUS'),
								('DISTRICT_ROYAL_NAVY_DOCKYARD',	'ROYAL_NAVY_DOCKYARD_GRANT_GROWTH_BONUS'),
								('DISTRICT_SOUQ',					'SOUQ_GRANT_GROWTH_BONUS'),
								('DISTRICT_SHOPPING_COMPLEX',		'SHOPPING_COMPLEX_GRANT_GROWTH_BONUS'),
								('DISTRICT_AQUEDUCT',				'AQUADUCT_GRANT_GROWTH_BONUS'),
								('DISTRICT_BATH',					'AQUADUCT_GRANT_GROWTH_BONUS');

INSERT INTO Modifiers	(ModifierId,												ModifierType,											RunOnce,	Permanent,	OwnerRequirementSetId,	SubjectRequirementSetId) VALUES	
						('CITY_CENTER_LAKE_FOOD',									'MODIFIER_CITY_PLOT_YIELDS_ADJUST_PLOT_YIELD',			'0',		'0',		NULL,					'PLOT_IS_LAKE'),
						('HOLY_SITE_GRANT_GROWTH_BONUS',							'MODIFIER_PLAYER_ADJUST_CITY_GROWTH',					'0',		'0',		NULL,					NULL),
						('CAMPUS_GRANT_GROWTH_BONUS',								'MODIFIER_PLAYER_ADJUST_CITY_GROWTH',					'0',		'0',		NULL,					NULL),
						('ENTERTAINMENT_COMPLEX_GRANT_GROWTH_BONUS',				'MODIFIER_PLAYER_ADJUST_CITY_GROWTH',					'0',		'0',		NULL,					NULL),
						('THEATER_GRANT_GROWTH_BONUS',								'MODIFIER_PLAYER_ADJUST_CITY_GROWTH',					'0',		'0',		NULL,					NULL),
						('INDUSTRIAL_ZONE_GRANT_GROWTH_BONUS',						'MODIFIER_PLAYER_ADJUST_CITY_GROWTH',					'0',		'0',		NULL,					NULL),
						('ACROPOLIS_GRANT_GROWTH_BONUS',							'MODIFIER_PLAYER_ADJUST_CITY_GROWTH',					'0',		'0',		NULL,					NULL),
						('HANSA_GRANT_GROWTH_BONUS',								'MODIFIER_PLAYER_ADJUST_CITY_GROWTH',					'0',		'0',		NULL,					NULL),
						('LAVRA_GRANT_GROWTH_BONUS',								'MODIFIER_PLAYER_ADJUST_CITY_GROWTH',					'0',		'0',		NULL,					NULL),
						('STREET_CARNIVAL_GRANT_GROWTH_BONUS',						'MODIFIER_PLAYER_ADJUST_CITY_GROWTH',					'0',		'0',		NULL,					NULL),
						('MBANZA_GRANT_GROWTH_BONUS',								'MODIFIER_PLAYER_ADJUST_CITY_GROWTH',					'0',		'0',		NULL,					NULL),
						('COMMERCIAL_HUB_GRANT_GROWTH_BONUS',						'MODIFIER_PLAYER_ADJUST_CITY_GROWTH',					'0',		'0',		NULL,					NULL),
						('NEIGHBORHOOD_GRANT_GROWTH_BONUS',							'MODIFIER_PLAYER_ADJUST_CITY_GROWTH',					'0',		'0',		NULL,					NULL),
						('HARBOR_GRANT_GROWTH_BONUS',								'MODIFIER_PLAYER_ADJUST_CITY_GROWTH',					'0',		'0',		NULL,					NULL),
						('ROYAL_NAVY_DOCKYARD_GRANT_GROWTH_BONUS',					'MODIFIER_PLAYER_ADJUST_CITY_GROWTH',					'0',		'0',		NULL,					NULL),
						('SOUQ_GRANT_GROWTH_BONUS',									'MODIFIER_PLAYER_ADJUST_CITY_GROWTH',					'0',		'0',		NULL,					NULL),
						('SHOPPING_COMPLEX_GRANT_GROWTH_BONUS',						'MODIFIER_PLAYER_ADJUST_CITY_GROWTH',					'0',		'0',		NULL,					NULL),
						('AQUADUCT_GRANT_GROWTH_BONUS',								'MODIFIER_PLAYER_ADJUST_CITY_GROWTH',					'0',		'0',		NULL,					NULL);

INSERT INTO ModifierArguments	(ModifierId,												Name,			Type,				Value,								Extra) VALUES
								('CITY_CENTER_LAKE_FOOD',									'Amount',		'ARGTYPE_IDENTITY', '2',								NULL),
								('CITY_CENTER_LAKE_FOOD',									'YieldType',	'ARGTYPE_IDENTITY', 'YIELD_FOOD',						NULL),		
								('HOLY_SITE_GRANT_GROWTH_BONUS',							'Amount',		'ARGTYPE_IDENTITY', '2',								NULL),		
								('CAMPUS_GRANT_GROWTH_BONUS',								'Amount',		'ARGTYPE_IDENTITY', '2',								NULL),		
								('ENTERTAINMENT_COMPLEX_GRANT_GROWTH_BONUS',				'Amount',		'ARGTYPE_IDENTITY', '2',								NULL),		
								('THEATER_GRANT_GROWTH_BONUS',								'Amount',		'ARGTYPE_IDENTITY', '2',								NULL),		
								('INDUSTRIAL_ZONE_GRANT_GROWTH_BONUS',						'Amount',		'ARGTYPE_IDENTITY', '2',								NULL),		
								('ACROPOLIS_GRANT_GROWTH_BONUS',							'Amount',		'ARGTYPE_IDENTITY', '2',								NULL),		
								('HANSA_GRANT_GROWTH_BONUS',								'Amount',		'ARGTYPE_IDENTITY', '2',								NULL),		
								('LAVRA_GRANT_GROWTH_BONUS',								'Amount',		'ARGTYPE_IDENTITY', '2',								NULL),		
								('STREET_CARNIVAL_GRANT_GROWTH_BONUS',						'Amount',		'ARGTYPE_IDENTITY', '2',								NULL),		
								('MBANZA_GRANT_GROWTH_BONUS',								'Amount',		'ARGTYPE_IDENTITY', '2',								NULL),	
								('COMMERCIAL_HUB_GRANT_GROWTH_BONUS',						'Amount',		'ARGTYPE_IDENTITY', '2',								NULL),	
								('NEIGHBORHOOD_GRANT_GROWTH_BONUS',							'Amount',		'ARGTYPE_IDENTITY', '2',								NULL),	
								('HARBOR_GRANT_GROWTH_BONUS',								'Amount',		'ARGTYPE_IDENTITY', '2',								NULL),	
								('ROYAL_NAVY_DOCKYARD_GRANT_GROWTH_BONUS',					'Amount',		'ARGTYPE_IDENTITY', '2',								NULL),	
								('SOUQ_GRANT_GROWTH_BONUS',									'Amount',		'ARGTYPE_IDENTITY', '2',								NULL),	
								('SHOPPING_COMPLEX_GRANT_GROWTH_BONUS',						'Amount',		'ARGTYPE_IDENTITY', '2',								NULL),
								('AQUADUCT_GRANT_GROWTH_BONUS',								'Amount',		'ARGTYPE_IDENTITY', '10',								NULL);

INSERT INTO ModifierStrings	(ModifierId,					Context,	Text) VALUES
							('CITY_CENTER_LAKE_FOOD',		'Summary',	'LOC_CITY_CENTER_FOOD_SUM'),
							('AQUADUCT_GRANT_GROWTH_BONUS', 'Summary',	'LOC_AQUADUCT_GROWTH_SUM');