-- Insert SQL Rules Here 
/*INSERT INTO RequirementSets	(RequirementSetId,					RequirementSetType) VALUES
							('KING_DIFFICULTY_TOT',				'REQUIREMENTSET_TEST_ALL'),
							('EMPEROR_DIFFICULTY_TOT',			'REQUIREMENTSET_TEST_ALL'),
							('IMMORTAL_DIFFICULTY_TOT',			'REQUIREMENTSET_TEST_ALL'),
							('DEITY_DIFFICULTY_TOT',			'REQUIREMENTSET_TEST_ALL'),
							('AI_SIEGE_REQUIREMENTS',			'REQUIREMENTSET_TEST_ALL');

INSERT INTO	RequirementSetRequirements	(RequirementSetId,					RequirementId) VALUES
										('KING_DIFFICULTY_TOT',				'REQUIRES_KING_DIFFICULTY'),
										('EMPEROR_DIFFICULTY_TOT',			'REQUIRES_EMPEROR_DIFFICULTY'),
										('IMMORTAL_DIFFICULTY_TOT',			'REQUIRES_IMMORTAL_DIFFICULTY'),
										('DEITY_DIFFICULTY_TOT',			'REQUIRES_DEITY_DIFFICULTY'),
										('KING_DIFFICULTY_TOT',				'REQUIRES_PLAYER_IS_AI'),
										('EMPEROR_DIFFICULTY_TOT',			'REQUIRES_PLAYER_IS_AI'),
										('IMMORTAL_DIFFICULTY_TOT',			'REQUIRES_PLAYER_IS_AI'),
										('DEITY_DIFFICULTY_TOT',			'REQUIRES_PLAYER_IS_AI'),
										('AI_SIEGE_REQUIREMENTS',			'REQUIRES_OPPONENT_IS_DISTRICT'),
										('AI_SIEGE_REQUIREMENTS',			'REQUIRES_UNIT_IS_SIEGE'),
										('AI_SIEGE_REQUIREMENTS',			'REQUIRES_PLAYER_IS_AI');

INSERT INTO Requirements	(RequirementId,						RequirementType) VALUES
							('REQUIRES_KING_DIFFICULTY',		'REQUIREMENT_PLAYER_HANDICAP_AT_OR_ABOVE'),
							('REQUIRES_EMPEROR_DIFFICULTY',		'REQUIREMENT_PLAYER_HANDICAP_AT_OR_ABOVE'),
							('REQUIRES_IMMORTAL_DIFFICULTY',	'REQUIREMENT_PLAYER_HANDICAP_AT_OR_ABOVE'),
							('REQUIRES_DEITY_DIFFICULTY',		'REQUIREMENT_PLAYER_HANDICAP_AT_OR_ABOVE'),
							('REQUIRES_OPPONENT_IS_DISTRICT',	'REQUIREMENT_OPPONENT_IS_DISTRICT'),
							('REQUIRES_UNIT_IS_SIEGE',			'REQUIREMENT_UNIT_PROMOTION_CLASS_MATCHES');

INSERT INTO RequirementArguments	(RequirementId,						Name,					Value) VALUES
									('REQUIRES_KING_DIFFICULTY',		'Handicap',				'DIFFICULTY_KING'),
									('REQUIRES_EMPEROR_DIFFICULTY',		'Handicap',				'DIFFICULTY_EMPEROR'),
									('REQUIRES_IMMORTAL_DIFFICULTY',	'Handicap',				'DIFFICULTY_IMMORTAL'),
									('REQUIRES_DEITY_DIFFICULTY',		'Handicap',				'DIFFICULTY_DEITY'),
									('REQUIRES_UNIT_IS_SIEGE',			'UnitPromotionClass',	'PROMOTION_CLASS_SIEGE');

INSERT INTO TraitModifiers	(TraitType,					ModifierId) VALUES
							('TRAIT_LEADER_MAJOR_CIV',	'KING_CITY_ATTACK_MOD'),
							('TRAIT_LEADER_MAJOR_CIV',	'EMPEROR_CITY_ATTACK_MOD'),
							('TRAIT_LEADER_MAJOR_CIV',	'IMMORTAL_CITY_ATTACK_MOD'),
							('TRAIT_LEADER_MAJOR_CIV',	'DEITY_CITY_ATTACK_MOD');

INSERT INTO Modifiers	(ModifierId,					ModifierType,							OwnerRequirementSetId,		SubjectRequirementSetId) VALUES
						('KING_CITY_ATTACK_MOD',		'MODIFIER_UNIT_ADJUST_COMBAT_STRENGTH', 'KING_DIFFICULTY_TOT',		'AI_SIEGE_REQUIREMENTS'),
						('EMPEROR_CITY_ATTACK_MOD',		'MODIFIER_UNIT_ADJUST_COMBAT_STRENGTH', 'EMPEROR_DIFFICULTY_TOT',	'AI_SIEGE_REQUIREMENTS'),
						('IMMORTAL_CITY_ATTACK_MOD',	'MODIFIER_UNIT_ADJUST_COMBAT_STRENGTH', 'IMMORTAL_DIFFICULTY_TOT',	'AI_SIEGE_REQUIREMENTS'),
						('DEITY_CITY_ATTACK_MOD',		'MODIFIER_UNIT_ADJUST_COMBAT_STRENGTH', 'DEITY_DIFFICULTY_TOT',		'AI_SIEGE_REQUIREMENTS');

INSERT INTO ModifierArguments	(ModifierId,					Name,		Value) VALUES
								('KING_CITY_ATTACK_MOD',		'Amount',	'5'),
								('EMPEROR_CITY_ATTACK_MOD',		'Amount',	'5'),
								('IMMORTAL_CITY_ATTACK_MOD',	'Amount',	'5'),
								('DEITY_CITY_ATTACK_MOD',		'Amount',	'5');
*/